period,revenue,cogs,payroll,operating_expenses,depreciation,interest_expense,cash_taxes,maintenance_capex,distributions,cash,receivables,inventory,payables,current_debt,fixed_assets,long_term_debt,equity,synthetic
2025-01,100000.00,65000.00,18000.00,6000.00,1000.00,600.00,2000.00,1000.00,1000.00,25900.00,200000.00,65000.00,65000.00,30000.00,120000.00,27500.00,288400.00,true
2025-02,100000.00,65000.00,18000.00,6000.00,1000.00,575.00,2000.00,1000.00,1000.00,29825.00,200000.00,65000.00,65000.00,30000.00,120000.00,25000.00,294825.00,true
2025-03,100000.00,65000.00,18000.00,6000.00,1000.00,550.00,2000.00,1000.00,1000.00,33775.00,200000.00,65000.00,65000.00,30000.00,120000.00,22500.00,301275.00,true
2025-04,100000.00,65000.00,18000.00,6000.00,1000.00,525.00,2000.00,1000.00,1000.00,37750.00,200000.00,65000.00,65000.00,30000.00,120000.00,20000.00,307750.00,true
2025-05,100000.00,65000.00,18000.00,6000.00,1000.00,500.00,2000.00,1000.00,1000.00,41750.00,200000.00,65000.00,65000.00,30000.00,120000.00,17500.00,314250.00,true
2025-06,100000.00,65000.00,18000.00,6000.00,1000.00,475.00,2000.00,1000.00,1000.00,45775.00,200000.00,65000.00,65000.00,30000.00,120000.00,15000.00,320775.00,true
2025-07,100000.00,65000.00,18000.00,6000.00,1000.00,450.00,2000.00,1000.00,1000.00,49825.00,200000.00,65000.00,65000.00,30000.00,120000.00,12500.00,327325.00,true
2025-08,100000.00,65000.00,18000.00,6000.00,1000.00,425.00,2000.00,1000.00,1000.00,53900.00,200000.00,65000.00,65000.00,30000.00,120000.00,10000.00,333900.00,true
2025-09,100000.00,65000.00,18000.00,6000.00,1000.00,400.00,2000.00,1000.00,1000.00,58000.00,200000.00,65000.00,65000.00,30000.00,120000.00,7500.00,340500.00,true
2025-10,100000.00,65000.00,18000.00,6000.00,1000.00,375.00,2000.00,1000.00,1000.00,62125.00,200000.00,65000.00,65000.00,30000.00,120000.00,5000.00,347125.00,true
2025-11,100000.00,65000.00,18000.00,6000.00,1000.00,350.00,2000.00,1000.00,1000.00,66275.00,200000.00,65000.00,65000.00,30000.00,120000.00,2500.00,353775.00,true
2025-12,100000.00,65000.00,18000.00,6000.00,1000.00,325.00,2000.00,1000.00,1000.00,70450.00,200000.00,65000.00,65000.00,30000.00,120000.00,0.00,360450.00,true
