bill_id,supplier,bill_date,due_date,amount,paid_amount,as_of,synthetic
BILL-202412-1,Pacific Paper & Office,2024-12-07,2025-01-06,16250.00,16250.00,2025-12-31,true
BILL-202412-2,Pacific Paper & Office,2024-12-14,2025-01-13,16250.00,16250.00,2025-12-31,true
BILL-202412-3,Pacific Paper & Office,2024-12-21,2025-01-20,16250.00,16250.00,2025-12-31,true
BILL-202412-4,Pacific Paper & Office,2024-12-28,2025-01-27,16250.00,16250.00,2025-12-31,true
BILL-202501-1,Pacific Paper & Office,2025-01-07,2025-02-06,16250.00,16250.00,2025-12-31,true
BILL-202501-2,Pacific Paper & Office,2025-01-14,2025-02-13,16250.00,16250.00,2025-12-31,true
BILL-202501-3,Pacific Paper & Office,2025-01-21,2025-02-20,16250.00,16250.00,2025-12-31,true
BILL-202501-4,Pacific Paper & Office,2025-01-28,2025-02-27,16250.00,16250.00,2025-12-31,true
BILL-202502-1,Pacific Paper & Office,2025-02-07,2025-03-09,16250.00,16250.00,2025-12-31,true
BILL-202502-2,Pacific Paper & Office,2025-02-14,2025-03-16,16250.00,16250.00,2025-12-31,true
BILL-202502-3,Pacific Paper & Office,2025-02-21,2025-03-23,16250.00,16250.00,2025-12-31,true
BILL-202502-4,Pacific Paper & Office,2025-02-28,2025-03-30,16250.00,16250.00,2025-12-31,true
BILL-202503-1,Pacific Paper & Office,2025-03-07,2025-04-06,16250.00,16250.00,2025-12-31,true
BILL-202503-2,Pacific Paper & Office,2025-03-14,2025-04-13,16250.00,16250.00,2025-12-31,true
BILL-202503-3,Pacific Paper & Office,2025-03-21,2025-04-20,16250.00,16250.00,2025-12-31,true
BILL-202503-4,Pacific Paper & Office,2025-03-28,2025-04-27,16250.00,16250.00,2025-12-31,true
BILL-202504-1,Pacific Paper & Office,2025-04-07,2025-05-07,16250.00,16250.00,2025-12-31,true
BILL-202504-2,Pacific Paper & Office,2025-04-14,2025-05-14,16250.00,16250.00,2025-12-31,true
BILL-202504-3,Pacific Paper & Office,2025-04-21,2025-05-21,16250.00,16250.00,2025-12-31,true
BILL-202504-4,Pacific Paper & Office,2025-04-28,2025-05-28,16250.00,16250.00,2025-12-31,true
BILL-202505-1,Pacific Paper & Office,2025-05-07,2025-06-06,16250.00,16250.00,2025-12-31,true
BILL-202505-2,Pacific Paper & Office,2025-05-14,2025-06-13,16250.00,16250.00,2025-12-31,true
BILL-202505-3,Pacific Paper & Office,2025-05-21,2025-06-20,16250.00,16250.00,2025-12-31,true
BILL-202505-4,Pacific Paper & Office,2025-05-28,2025-06-27,16250.00,16250.00,2025-12-31,true
BILL-202506-1,Pacific Paper & Office,2025-06-07,2025-07-07,16250.00,16250.00,2025-12-31,true
BILL-202506-2,Pacific Paper & Office,2025-06-14,2025-07-14,16250.00,16250.00,2025-12-31,true
BILL-202506-3,Pacific Paper & Office,2025-06-21,2025-07-21,16250.00,16250.00,2025-12-31,true
BILL-202506-4,Pacific Paper & Office,2025-06-28,2025-07-28,16250.00,16250.00,2025-12-31,true
BILL-202507-1,Pacific Paper & Office,2025-07-07,2025-08-06,16250.00,16250.00,2025-12-31,true
BILL-202507-2,Pacific Paper & Office,2025-07-14,2025-08-13,16250.00,16250.00,2025-12-31,true
BILL-202507-3,Pacific Paper & Office,2025-07-21,2025-08-20,16250.00,16250.00,2025-12-31,true
BILL-202507-4,Pacific Paper & Office,2025-07-28,2025-08-27,16250.00,16250.00,2025-12-31,true
BILL-202508-1,Pacific Paper & Office,2025-08-07,2025-09-06,16250.00,16250.00,2025-12-31,true
BILL-202508-2,Pacific Paper & Office,2025-08-14,2025-09-13,16250.00,16250.00,2025-12-31,true
BILL-202508-3,Pacific Paper & Office,2025-08-21,2025-09-20,16250.00,16250.00,2025-12-31,true
BILL-202508-4,Pacific Paper & Office,2025-08-28,2025-09-27,16250.00,16250.00,2025-12-31,true
BILL-202509-1,Pacific Paper & Office,2025-09-07,2025-10-07,16250.00,16250.00,2025-12-31,true
BILL-202509-2,Pacific Paper & Office,2025-09-14,2025-10-14,16250.00,16250.00,2025-12-31,true
BILL-202509-3,Pacific Paper & Office,2025-09-21,2025-10-21,16250.00,16250.00,2025-12-31,true
BILL-202509-4,Pacific Paper & Office,2025-09-28,2025-10-28,16250.00,16250.00,2025-12-31,true
BILL-202510-1,Pacific Paper & Office,2025-10-07,2025-11-06,16250.00,16250.00,2025-12-31,true
BILL-202510-2,Pacific Paper & Office,2025-10-14,2025-11-13,16250.00,16250.00,2025-12-31,true
BILL-202510-3,Pacific Paper & Office,2025-10-21,2025-11-20,16250.00,16250.00,2025-12-31,true
BILL-202510-4,Pacific Paper & Office,2025-10-28,2025-11-27,16250.00,16250.00,2025-12-31,true
BILL-202511-1,Pacific Paper & Office,2025-11-07,2025-12-07,16250.00,16250.00,2025-12-31,true
BILL-202511-2,Pacific Paper & Office,2025-11-14,2025-12-14,16250.00,16250.00,2025-12-31,true
BILL-202511-3,Pacific Paper & Office,2025-11-21,2025-12-21,16250.00,16250.00,2025-12-31,true
BILL-202511-4,Pacific Paper & Office,2025-11-28,2025-12-28,16250.00,16250.00,2025-12-31,true
BILL-202512-1,Pacific Paper & Office,2025-12-07,2026-01-06,16250.00,0.00,2025-12-31,true
BILL-202512-2,Pacific Paper & Office,2025-12-14,2026-01-13,16250.00,0.00,2025-12-31,true
BILL-202512-3,Pacific Paper & Office,2025-12-21,2026-01-20,16250.00,0.00,2025-12-31,true
BILL-202512-4,Pacific Paper & Office,2025-12-28,2026-01-27,16250.00,0.00,2025-12-31,true
