invoice_id,customer,invoice_date,due_date,amount,paid_amount,last_payment_date,as_of,synthetic
HOS-202411-11,Atlas Business Group,2024-11-07,2025-01-06,10000.00,10000.00,2025-01-06,2026-01-31,true
HOS-202411-12,Northstar Studio,2024-11-07,2025-01-06,6250.00,6250.00,2025-01-06,2026-01-31,true
HOS-202411-13,Elm Medical Partners,2024-11-07,2025-01-06,5000.00,5000.00,2025-01-06,2026-01-31,true
HOS-202411-14,Cedar Workspace,2024-11-07,2025-01-06,3750.00,3750.00,2025-01-06,2026-01-31,true
HOS-202411-21,Atlas Business Group,2024-11-14,2025-01-13,10000.00,10000.00,2025-01-13,2026-01-31,true
HOS-202411-22,Northstar Studio,2024-11-14,2025-01-13,6250.00,6250.00,2025-01-13,2026-01-31,true
HOS-202411-23,Elm Medical Partners,2024-11-14,2025-01-13,5000.00,5000.00,2025-01-13,2026-01-31,true
HOS-202411-24,Cedar Workspace,2024-11-14,2025-01-13,3750.00,3750.00,2025-01-13,2026-01-31,true
HOS-202411-31,Atlas Business Group,2024-11-21,2025-01-20,10000.00,10000.00,2025-01-20,2026-01-31,true
HOS-202411-32,Northstar Studio,2024-11-21,2025-01-20,6250.00,6250.00,2025-01-20,2026-01-31,true
HOS-202411-33,Elm Medical Partners,2024-11-21,2025-01-20,5000.00,5000.00,2025-01-20,2026-01-31,true
HOS-202411-34,Cedar Workspace,2024-11-21,2025-01-20,3750.00,3750.00,2025-01-20,2026-01-31,true
HOS-202411-41,Atlas Business Group,2024-11-28,2025-01-27,10000.00,10000.00,2025-01-27,2026-01-31,true
HOS-202411-42,Northstar Studio,2024-11-28,2025-01-27,6250.00,6250.00,2025-01-27,2026-01-31,true
HOS-202411-43,Elm Medical Partners,2024-11-28,2025-01-27,5000.00,5000.00,2025-01-27,2026-01-31,true
HOS-202411-44,Cedar Workspace,2024-11-28,2025-01-27,3750.00,3750.00,2025-01-27,2026-01-31,true
HOS-202412-11,Atlas Business Group,2024-12-07,2025-02-05,10000.00,10000.00,2025-02-05,2026-01-31,true
HOS-202412-12,Northstar Studio,2024-12-07,2025-02-05,6250.00,6250.00,2025-02-05,2026-01-31,true
HOS-202412-13,Elm Medical Partners,2024-12-07,2025-02-05,5000.00,5000.00,2025-02-05,2026-01-31,true
HOS-202412-14,Cedar Workspace,2024-12-07,2025-02-05,3750.00,3750.00,2025-02-05,2026-01-31,true
HOS-202412-21,Atlas Business Group,2024-12-14,2025-02-12,10000.00,10000.00,2025-02-12,2026-01-31,true
HOS-202412-22,Northstar Studio,2024-12-14,2025-02-12,6250.00,6250.00,2025-02-12,2026-01-31,true
HOS-202412-23,Elm Medical Partners,2024-12-14,2025-02-12,5000.00,5000.00,2025-02-12,2026-01-31,true
HOS-202412-24,Cedar Workspace,2024-12-14,2025-02-12,3750.00,3750.00,2025-02-12,2026-01-31,true
HOS-202412-31,Atlas Business Group,2024-12-21,2025-02-19,10000.00,10000.00,2025-02-19,2026-01-31,true
HOS-202412-32,Northstar Studio,2024-12-21,2025-02-19,6250.00,6250.00,2025-02-19,2026-01-31,true
HOS-202412-33,Elm Medical Partners,2024-12-21,2025-02-19,5000.00,5000.00,2025-02-19,2026-01-31,true
HOS-202412-34,Cedar Workspace,2024-12-21,2025-02-19,3750.00,3750.00,2025-02-19,2026-01-31,true
HOS-202412-41,Atlas Business Group,2024-12-28,2025-02-26,10000.00,10000.00,2025-02-26,2026-01-31,true
HOS-202412-42,Northstar Studio,2024-12-28,2025-02-26,6250.00,6250.00,2025-02-26,2026-01-31,true
HOS-202412-43,Elm Medical Partners,2024-12-28,2025-02-26,5000.00,5000.00,2025-02-26,2026-01-31,true
HOS-202412-44,Cedar Workspace,2024-12-28,2025-02-26,3750.00,3750.00,2025-02-26,2026-01-31,true
HOS-202501-11,Atlas Business Group,2025-01-07,2025-03-08,10000.00,10000.00,2025-03-08,2026-01-31,true
HOS-202501-12,Northstar Studio,2025-01-07,2025-03-08,6250.00,6250.00,2025-03-08,2026-01-31,true
HOS-202501-13,Elm Medical Partners,2025-01-07,2025-03-08,5000.00,5000.00,2025-03-08,2026-01-31,true
HOS-202501-14,Cedar Workspace,2025-01-07,2025-03-08,3750.00,3750.00,2025-03-08,2026-01-31,true
HOS-202501-21,Atlas Business Group,2025-01-14,2025-03-15,10000.00,10000.00,2025-03-15,2026-01-31,true
HOS-202501-22,Northstar Studio,2025-01-14,2025-03-15,6250.00,6250.00,2025-03-15,2026-01-31,true
HOS-202501-23,Elm Medical Partners,2025-01-14,2025-03-15,5000.00,5000.00,2025-03-15,2026-01-31,true
HOS-202501-24,Cedar Workspace,2025-01-14,2025-03-15,3750.00,3750.00,2025-03-15,2026-01-31,true
HOS-202501-31,Atlas Business Group,2025-01-21,2025-03-22,10000.00,10000.00,2025-03-22,2026-01-31,true
HOS-202501-32,Northstar Studio,2025-01-21,2025-03-22,6250.00,6250.00,2025-03-22,2026-01-31,true
HOS-202501-33,Elm Medical Partners,2025-01-21,2025-03-22,5000.00,5000.00,2025-03-22,2026-01-31,true
HOS-202501-34,Cedar Workspace,2025-01-21,2025-03-22,3750.00,3750.00,2025-03-22,2026-01-31,true
HOS-202501-41,Atlas Business Group,2025-01-28,2025-03-29,10000.00,10000.00,2025-03-29,2026-01-31,true
HOS-202501-42,Northstar Studio,2025-01-28,2025-03-29,6250.00,6250.00,2025-03-29,2026-01-31,true
HOS-202501-43,Elm Medical Partners,2025-01-28,2025-03-29,5000.00,5000.00,2025-03-29,2026-01-31,true
HOS-202501-44,Cedar Workspace,2025-01-28,2025-03-29,3750.00,3750.00,2025-03-29,2026-01-31,true
HOS-202502-11,Atlas Business Group,2025-02-07,2025-04-08,10000.00,10000.00,2025-04-08,2026-01-31,true
HOS-202502-12,Northstar Studio,2025-02-07,2025-04-08,6250.00,6250.00,2025-04-08,2026-01-31,true
HOS-202502-13,Elm Medical Partners,2025-02-07,2025-04-08,5000.00,5000.00,2025-04-08,2026-01-31,true
HOS-202502-14,Cedar Workspace,2025-02-07,2025-04-08,3750.00,3750.00,2025-04-08,2026-01-31,true
HOS-202502-21,Atlas Business Group,2025-02-14,2025-04-15,10000.00,10000.00,2025-04-15,2026-01-31,true
HOS-202502-22,Northstar Studio,2025-02-14,2025-04-15,6250.00,6250.00,2025-04-15,2026-01-31,true
HOS-202502-23,Elm Medical Partners,2025-02-14,2025-04-15,5000.00,5000.00,2025-04-15,2026-01-31,true
HOS-202502-24,Cedar Workspace,2025-02-14,2025-04-15,3750.00,3750.00,2025-04-15,2026-01-31,true
HOS-202502-31,Atlas Business Group,2025-02-21,2025-04-22,10000.00,10000.00,2025-04-22,2026-01-31,true
HOS-202502-32,Northstar Studio,2025-02-21,2025-04-22,6250.00,6250.00,2025-04-22,2026-01-31,true
HOS-202502-33,Elm Medical Partners,2025-02-21,2025-04-22,5000.00,5000.00,2025-04-22,2026-01-31,true
HOS-202502-34,Cedar Workspace,2025-02-21,2025-04-22,3750.00,3750.00,2025-04-22,2026-01-31,true
HOS-202502-41,Atlas Business Group,2025-02-28,2025-04-29,10000.00,10000.00,2025-04-29,2026-01-31,true
HOS-202502-42,Northstar Studio,2025-02-28,2025-04-29,6250.00,6250.00,2025-04-29,2026-01-31,true
HOS-202502-43,Elm Medical Partners,2025-02-28,2025-04-29,5000.00,5000.00,2025-04-29,2026-01-31,true
HOS-202502-44,Cedar Workspace,2025-02-28,2025-04-29,3750.00,3750.00,2025-04-29,2026-01-31,true
HOS-202503-11,Atlas Business Group,2025-03-07,2025-05-06,10000.00,10000.00,2025-05-06,2026-01-31,true
HOS-202503-12,Northstar Studio,2025-03-07,2025-05-06,6250.00,6250.00,2025-05-06,2026-01-31,true
HOS-202503-13,Elm Medical Partners,2025-03-07,2025-05-06,5000.00,5000.00,2025-05-06,2026-01-31,true
HOS-202503-14,Cedar Workspace,2025-03-07,2025-05-06,3750.00,3750.00,2025-05-06,2026-01-31,true
HOS-202503-21,Atlas Business Group,2025-03-14,2025-05-13,10000.00,10000.00,2025-05-13,2026-01-31,true
HOS-202503-22,Northstar Studio,2025-03-14,2025-05-13,6250.00,6250.00,2025-05-13,2026-01-31,true
HOS-202503-23,Elm Medical Partners,2025-03-14,2025-05-13,5000.00,5000.00,2025-05-13,2026-01-31,true
HOS-202503-24,Cedar Workspace,2025-03-14,2025-05-13,3750.00,3750.00,2025-05-13,2026-01-31,true
HOS-202503-31,Atlas Business Group,2025-03-21,2025-05-20,10000.00,10000.00,2025-05-20,2026-01-31,true
HOS-202503-32,Northstar Studio,2025-03-21,2025-05-20,6250.00,6250.00,2025-05-20,2026-01-31,true
HOS-202503-33,Elm Medical Partners,2025-03-21,2025-05-20,5000.00,5000.00,2025-05-20,2026-01-31,true
HOS-202503-34,Cedar Workspace,2025-03-21,2025-05-20,3750.00,3750.00,2025-05-20,2026-01-31,true
HOS-202503-41,Atlas Business Group,2025-03-28,2025-05-27,10000.00,10000.00,2025-05-27,2026-01-31,true
HOS-202503-42,Northstar Studio,2025-03-28,2025-05-27,6250.00,6250.00,2025-05-27,2026-01-31,true
HOS-202503-43,Elm Medical Partners,2025-03-28,2025-05-27,5000.00,5000.00,2025-05-27,2026-01-31,true
HOS-202503-44,Cedar Workspace,2025-03-28,2025-05-27,3750.00,3750.00,2025-05-27,2026-01-31,true
HOS-202504-11,Atlas Business Group,2025-04-07,2025-06-06,10000.00,10000.00,2025-06-06,2026-01-31,true
HOS-202504-12,Northstar Studio,2025-04-07,2025-06-06,6250.00,6250.00,2025-06-06,2026-01-31,true
HOS-202504-13,Elm Medical Partners,2025-04-07,2025-06-06,5000.00,5000.00,2025-06-06,2026-01-31,true
HOS-202504-14,Cedar Workspace,2025-04-07,2025-06-06,3750.00,3750.00,2025-06-06,2026-01-31,true
HOS-202504-21,Atlas Business Group,2025-04-14,2025-06-13,10000.00,10000.00,2025-06-13,2026-01-31,true
HOS-202504-22,Northstar Studio,2025-04-14,2025-06-13,6250.00,6250.00,2025-06-13,2026-01-31,true
HOS-202504-23,Elm Medical Partners,2025-04-14,2025-06-13,5000.00,5000.00,2025-06-13,2026-01-31,true
HOS-202504-24,Cedar Workspace,2025-04-14,2025-06-13,3750.00,3750.00,2025-06-13,2026-01-31,true
HOS-202504-31,Atlas Business Group,2025-04-21,2025-06-20,10000.00,10000.00,2025-06-20,2026-01-31,true
HOS-202504-32,Northstar Studio,2025-04-21,2025-06-20,6250.00,6250.00,2025-06-20,2026-01-31,true
HOS-202504-33,Elm Medical Partners,2025-04-21,2025-06-20,5000.00,5000.00,2025-06-20,2026-01-31,true
HOS-202504-34,Cedar Workspace,2025-04-21,2025-06-20,3750.00,3750.00,2025-06-20,2026-01-31,true
HOS-202504-41,Atlas Business Group,2025-04-28,2025-06-27,10000.00,10000.00,2025-06-27,2026-01-31,true
HOS-202504-42,Northstar Studio,2025-04-28,2025-06-27,6250.00,6250.00,2025-06-27,2026-01-31,true
HOS-202504-43,Elm Medical Partners,2025-04-28,2025-06-27,5000.00,5000.00,2025-06-27,2026-01-31,true
HOS-202504-44,Cedar Workspace,2025-04-28,2025-06-27,3750.00,3750.00,2025-06-27,2026-01-31,true
HOS-202505-11,Atlas Business Group,2025-05-07,2025-07-06,10000.00,10000.00,2025-07-06,2026-01-31,true
HOS-202505-12,Northstar Studio,2025-05-07,2025-07-06,6250.00,6250.00,2025-07-06,2026-01-31,true
HOS-202505-13,Elm Medical Partners,2025-05-07,2025-07-06,5000.00,5000.00,2025-07-06,2026-01-31,true
HOS-202505-14,Cedar Workspace,2025-05-07,2025-07-06,3750.00,3750.00,2025-07-06,2026-01-31,true
HOS-202505-21,Atlas Business Group,2025-05-14,2025-07-13,10000.00,10000.00,2025-07-13,2026-01-31,true
HOS-202505-22,Northstar Studio,2025-05-14,2025-07-13,6250.00,6250.00,2025-07-13,2026-01-31,true
HOS-202505-23,Elm Medical Partners,2025-05-14,2025-07-13,5000.00,5000.00,2025-07-13,2026-01-31,true
HOS-202505-24,Cedar Workspace,2025-05-14,2025-07-13,3750.00,3750.00,2025-07-13,2026-01-31,true
HOS-202505-31,Atlas Business Group,2025-05-21,2025-07-20,10000.00,10000.00,2025-07-20,2026-01-31,true
HOS-202505-32,Northstar Studio,2025-05-21,2025-07-20,6250.00,6250.00,2025-07-20,2026-01-31,true
HOS-202505-33,Elm Medical Partners,2025-05-21,2025-07-20,5000.00,5000.00,2025-07-20,2026-01-31,true
HOS-202505-34,Cedar Workspace,2025-05-21,2025-07-20,3750.00,3750.00,2025-07-20,2026-01-31,true
HOS-202505-41,Atlas Business Group,2025-05-28,2025-07-27,10000.00,10000.00,2025-07-27,2026-01-31,true
HOS-202505-42,Northstar Studio,2025-05-28,2025-07-27,6250.00,6250.00,2025-07-27,2026-01-31,true
HOS-202505-43,Elm Medical Partners,2025-05-28,2025-07-27,5000.00,5000.00,2025-07-27,2026-01-31,true
HOS-202505-44,Cedar Workspace,2025-05-28,2025-07-27,3750.00,3750.00,2025-07-27,2026-01-31,true
HOS-202506-11,Atlas Business Group,2025-06-07,2025-08-06,10000.00,10000.00,2025-08-06,2026-01-31,true
HOS-202506-12,Northstar Studio,2025-06-07,2025-08-06,6250.00,6250.00,2025-08-06,2026-01-31,true
HOS-202506-13,Elm Medical Partners,2025-06-07,2025-08-06,5000.00,5000.00,2025-08-06,2026-01-31,true
HOS-202506-14,Cedar Workspace,2025-06-07,2025-08-06,3750.00,3750.00,2025-08-06,2026-01-31,true
HOS-202506-21,Atlas Business Group,2025-06-14,2025-08-13,10000.00,10000.00,2025-08-13,2026-01-31,true
HOS-202506-22,Northstar Studio,2025-06-14,2025-08-13,6250.00,6250.00,2025-08-13,2026-01-31,true
HOS-202506-23,Elm Medical Partners,2025-06-14,2025-08-13,5000.00,5000.00,2025-08-13,2026-01-31,true
HOS-202506-24,Cedar Workspace,2025-06-14,2025-08-13,3750.00,3750.00,2025-08-13,2026-01-31,true
HOS-202506-31,Atlas Business Group,2025-06-21,2025-08-20,10000.00,10000.00,2025-08-20,2026-01-31,true
HOS-202506-32,Northstar Studio,2025-06-21,2025-08-20,6250.00,6250.00,2025-08-20,2026-01-31,true
HOS-202506-33,Elm Medical Partners,2025-06-21,2025-08-20,5000.00,5000.00,2025-08-20,2026-01-31,true
HOS-202506-34,Cedar Workspace,2025-06-21,2025-08-20,3750.00,3750.00,2025-08-20,2026-01-31,true
HOS-202506-41,Atlas Business Group,2025-06-28,2025-08-27,10000.00,10000.00,2025-08-27,2026-01-31,true
HOS-202506-42,Northstar Studio,2025-06-28,2025-08-27,6250.00,6250.00,2025-08-27,2026-01-31,true
HOS-202506-43,Elm Medical Partners,2025-06-28,2025-08-27,5000.00,5000.00,2025-08-27,2026-01-31,true
HOS-202506-44,Cedar Workspace,2025-06-28,2025-08-27,3750.00,3750.00,2025-08-27,2026-01-31,true
HOS-202507-11,Atlas Business Group,2025-07-07,2025-09-05,10000.00,10000.00,2025-09-05,2026-01-31,true
HOS-202507-12,Northstar Studio,2025-07-07,2025-09-05,6250.00,6250.00,2025-09-05,2026-01-31,true
HOS-202507-13,Elm Medical Partners,2025-07-07,2025-09-05,5000.00,5000.00,2025-09-05,2026-01-31,true
HOS-202507-14,Cedar Workspace,2025-07-07,2025-09-05,3750.00,3750.00,2025-09-05,2026-01-31,true
HOS-202507-21,Atlas Business Group,2025-07-14,2025-09-12,10000.00,10000.00,2025-09-12,2026-01-31,true
HOS-202507-22,Northstar Studio,2025-07-14,2025-09-12,6250.00,6250.00,2025-09-12,2026-01-31,true
HOS-202507-23,Elm Medical Partners,2025-07-14,2025-09-12,5000.00,5000.00,2025-09-12,2026-01-31,true
HOS-202507-24,Cedar Workspace,2025-07-14,2025-09-12,3750.00,3750.00,2025-09-12,2026-01-31,true
HOS-202507-31,Atlas Business Group,2025-07-21,2025-09-19,10000.00,10000.00,2025-09-19,2026-01-31,true
HOS-202507-32,Northstar Studio,2025-07-21,2025-09-19,6250.00,6250.00,2025-09-19,2026-01-31,true
HOS-202507-33,Elm Medical Partners,2025-07-21,2025-09-19,5000.00,5000.00,2025-09-19,2026-01-31,true
HOS-202507-34,Cedar Workspace,2025-07-21,2025-09-19,3750.00,3750.00,2025-09-19,2026-01-31,true
HOS-202507-41,Atlas Business Group,2025-07-28,2025-09-26,10000.00,10000.00,2025-09-26,2026-01-31,true
HOS-202507-42,Northstar Studio,2025-07-28,2025-09-26,6250.00,6250.00,2025-09-26,2026-01-31,true
HOS-202507-43,Elm Medical Partners,2025-07-28,2025-09-26,5000.00,5000.00,2025-09-26,2026-01-31,true
HOS-202507-44,Cedar Workspace,2025-07-28,2025-09-26,3750.00,3750.00,2025-09-26,2026-01-31,true
HOS-202508-11,Atlas Business Group,2025-08-07,2025-10-06,10000.00,10000.00,2025-10-06,2026-01-31,true
HOS-202508-12,Northstar Studio,2025-08-07,2025-10-06,6250.00,6250.00,2025-10-06,2026-01-31,true
HOS-202508-13,Elm Medical Partners,2025-08-07,2025-10-06,5000.00,5000.00,2025-10-06,2026-01-31,true
HOS-202508-14,Cedar Workspace,2025-08-07,2025-10-06,3750.00,3750.00,2025-10-06,2026-01-31,true
HOS-202508-21,Atlas Business Group,2025-08-14,2025-10-13,10000.00,10000.00,2025-10-13,2026-01-31,true
HOS-202508-22,Northstar Studio,2025-08-14,2025-10-13,6250.00,6250.00,2025-10-13,2026-01-31,true
HOS-202508-23,Elm Medical Partners,2025-08-14,2025-10-13,5000.00,5000.00,2025-10-13,2026-01-31,true
HOS-202508-24,Cedar Workspace,2025-08-14,2025-10-13,3750.00,3750.00,2025-10-13,2026-01-31,true
HOS-202508-31,Atlas Business Group,2025-08-21,2025-10-20,10000.00,10000.00,2025-10-20,2026-01-31,true
HOS-202508-32,Northstar Studio,2025-08-21,2025-10-20,6250.00,6250.00,2025-10-20,2026-01-31,true
HOS-202508-33,Elm Medical Partners,2025-08-21,2025-10-20,5000.00,5000.00,2025-10-20,2026-01-31,true
HOS-202508-34,Cedar Workspace,2025-08-21,2025-10-20,3750.00,3750.00,2025-10-20,2026-01-31,true
HOS-202508-41,Atlas Business Group,2025-08-28,2025-10-27,10000.00,10000.00,2025-10-27,2026-01-31,true
HOS-202508-42,Northstar Studio,2025-08-28,2025-10-27,6250.00,6250.00,2025-10-27,2026-01-31,true
HOS-202508-43,Elm Medical Partners,2025-08-28,2025-10-27,5000.00,5000.00,2025-10-27,2026-01-31,true
HOS-202508-44,Cedar Workspace,2025-08-28,2025-10-27,3750.00,3750.00,2025-10-27,2026-01-31,true
HOS-202509-11,Atlas Business Group,2025-09-07,2025-11-06,10000.00,10000.00,2025-11-06,2026-01-31,true
HOS-202509-12,Northstar Studio,2025-09-07,2025-11-06,6250.00,6250.00,2025-11-06,2026-01-31,true
HOS-202509-13,Elm Medical Partners,2025-09-07,2025-11-06,5000.00,5000.00,2025-11-06,2026-01-31,true
HOS-202509-14,Cedar Workspace,2025-09-07,2025-11-06,3750.00,3750.00,2025-11-06,2026-01-31,true
HOS-202509-21,Atlas Business Group,2025-09-14,2025-11-13,10000.00,10000.00,2025-11-13,2026-01-31,true
HOS-202509-22,Northstar Studio,2025-09-14,2025-11-13,6250.00,6250.00,2025-11-13,2026-01-31,true
HOS-202509-23,Elm Medical Partners,2025-09-14,2025-11-13,5000.00,5000.00,2025-11-13,2026-01-31,true
HOS-202509-24,Cedar Workspace,2025-09-14,2025-11-13,3750.00,3750.00,2025-11-13,2026-01-31,true
HOS-202509-31,Atlas Business Group,2025-09-21,2025-11-20,10000.00,10000.00,2025-11-20,2026-01-31,true
HOS-202509-32,Northstar Studio,2025-09-21,2025-11-20,6250.00,6250.00,2025-11-20,2026-01-31,true
HOS-202509-33,Elm Medical Partners,2025-09-21,2025-11-20,5000.00,5000.00,2025-11-20,2026-01-31,true
HOS-202509-34,Cedar Workspace,2025-09-21,2025-11-20,3750.00,3750.00,2025-11-20,2026-01-31,true
HOS-202509-41,Atlas Business Group,2025-09-28,2025-11-27,10000.00,10000.00,2025-11-27,2026-01-31,true
HOS-202509-42,Northstar Studio,2025-09-28,2025-11-27,6250.00,6250.00,2025-11-27,2026-01-31,true
HOS-202509-43,Elm Medical Partners,2025-09-28,2025-11-27,5000.00,5000.00,2025-11-27,2026-01-31,true
HOS-202509-44,Cedar Workspace,2025-09-28,2025-11-27,3750.00,3750.00,2025-11-27,2026-01-31,true
HOS-202510-11,Atlas Business Group,2025-10-07,2025-12-06,10000.00,10000.00,2025-12-06,2026-01-31,true
HOS-202510-12,Northstar Studio,2025-10-07,2025-12-06,6250.00,6250.00,2025-12-06,2026-01-31,true
HOS-202510-13,Elm Medical Partners,2025-10-07,2025-12-06,5000.00,5000.00,2025-12-06,2026-01-31,true
HOS-202510-14,Cedar Workspace,2025-10-07,2025-12-06,3750.00,3750.00,2025-12-06,2026-01-31,true
HOS-202510-21,Atlas Business Group,2025-10-14,2025-12-13,10000.00,10000.00,2025-12-13,2026-01-31,true
HOS-202510-22,Northstar Studio,2025-10-14,2025-12-13,6250.00,6250.00,2025-12-13,2026-01-31,true
HOS-202510-23,Elm Medical Partners,2025-10-14,2025-12-13,5000.00,5000.00,2025-12-13,2026-01-31,true
HOS-202510-24,Cedar Workspace,2025-10-14,2025-12-13,3750.00,3750.00,2025-12-13,2026-01-31,true
HOS-202510-31,Atlas Business Group,2025-10-21,2025-12-20,10000.00,10000.00,2025-12-20,2026-01-31,true
HOS-202510-32,Northstar Studio,2025-10-21,2025-12-20,6250.00,6250.00,2025-12-20,2026-01-31,true
HOS-202510-33,Elm Medical Partners,2025-10-21,2025-12-20,5000.00,5000.00,2025-12-20,2026-01-31,true
HOS-202510-34,Cedar Workspace,2025-10-21,2025-12-20,3750.00,3750.00,2025-12-20,2026-01-31,true
HOS-202510-41,Atlas Business Group,2025-10-28,2025-12-27,10000.00,10000.00,2025-12-27,2026-01-31,true
HOS-202510-42,Northstar Studio,2025-10-28,2025-12-27,6250.00,6250.00,2025-12-27,2026-01-31,true
HOS-202510-43,Elm Medical Partners,2025-10-28,2025-12-27,5000.00,5000.00,2025-12-27,2026-01-31,true
HOS-202510-44,Cedar Workspace,2025-10-28,2025-12-27,3750.00,3750.00,2025-12-27,2026-01-31,true
HOS-202511-11,Atlas Business Group,2025-11-07,2026-01-06,10000.00,0.00,,2026-01-31,true
HOS-202511-12,Northstar Studio,2025-11-07,2026-01-06,6250.00,6250.00,2026-01-06,2026-01-31,true
HOS-202511-13,Elm Medical Partners,2025-11-07,2026-01-06,5000.00,5000.00,2026-01-06,2026-01-31,true
HOS-202511-14,Cedar Workspace,2025-11-07,2026-01-06,3750.00,3750.00,2026-01-06,2026-01-31,true
HOS-202511-21,Atlas Business Group,2025-11-14,2026-01-13,10000.00,0.00,,2026-01-31,true
HOS-202511-22,Northstar Studio,2025-11-14,2026-01-13,6250.00,6250.00,2026-01-13,2026-01-31,true
HOS-202511-23,Elm Medical Partners,2025-11-14,2026-01-13,5000.00,5000.00,2026-01-13,2026-01-31,true
HOS-202511-24,Cedar Workspace,2025-11-14,2026-01-13,3750.00,3750.00,2026-01-13,2026-01-31,true
HOS-202511-31,Atlas Business Group,2025-11-21,2026-01-20,10000.00,0.00,,2026-01-31,true
HOS-202511-32,Northstar Studio,2025-11-21,2026-01-20,6250.00,6250.00,2026-01-20,2026-01-31,true
HOS-202511-33,Elm Medical Partners,2025-11-21,2026-01-20,5000.00,5000.00,2026-01-20,2026-01-31,true
HOS-202511-34,Cedar Workspace,2025-11-21,2026-01-20,3750.00,3750.00,2026-01-20,2026-01-31,true
HOS-202511-41,Atlas Business Group,2025-11-28,2026-01-27,10000.00,0.00,,2026-01-31,true
HOS-202511-42,Northstar Studio,2025-11-28,2026-01-27,6250.00,6250.00,2026-01-27,2026-01-31,true
HOS-202511-43,Elm Medical Partners,2025-11-28,2026-01-27,5000.00,5000.00,2026-01-27,2026-01-31,true
HOS-202511-44,Cedar Workspace,2025-11-28,2026-01-27,3750.00,3750.00,2026-01-27,2026-01-31,true
HOS-202512-11,Atlas Business Group,2025-12-07,2026-02-05,10000.00,0.00,,2026-01-31,true
HOS-202512-12,Northstar Studio,2025-12-07,2026-02-05,6250.00,0.00,,2026-01-31,true
HOS-202512-13,Elm Medical Partners,2025-12-07,2026-02-05,5000.00,0.00,,2026-01-31,true
HOS-202512-14,Cedar Workspace,2025-12-07,2026-02-05,3750.00,0.00,,2026-01-31,true
HOS-202512-21,Atlas Business Group,2025-12-14,2026-02-12,10000.00,0.00,,2026-01-31,true
HOS-202512-22,Northstar Studio,2025-12-14,2026-02-12,6250.00,0.00,,2026-01-31,true
HOS-202512-23,Elm Medical Partners,2025-12-14,2026-02-12,5000.00,0.00,,2026-01-31,true
HOS-202512-24,Cedar Workspace,2025-12-14,2026-02-12,3750.00,0.00,,2026-01-31,true
HOS-202512-31,Atlas Business Group,2025-12-21,2026-02-19,10000.00,0.00,,2026-01-31,true
HOS-202512-32,Northstar Studio,2025-12-21,2026-02-19,6250.00,0.00,,2026-01-31,true
HOS-202512-33,Elm Medical Partners,2025-12-21,2026-02-19,5000.00,0.00,,2026-01-31,true
HOS-202512-34,Cedar Workspace,2025-12-21,2026-02-19,3750.00,0.00,,2026-01-31,true
HOS-202512-41,Atlas Business Group,2025-12-28,2026-02-26,10000.00,0.00,,2026-01-31,true
HOS-202512-42,Northstar Studio,2025-12-28,2026-02-26,6250.00,0.00,,2026-01-31,true
HOS-202512-43,Elm Medical Partners,2025-12-28,2026-02-26,5000.00,0.00,,2026-01-31,true
HOS-202512-44,Cedar Workspace,2025-12-28,2026-02-26,3750.00,0.00,,2026-01-31,true
HOS-202601-11,Atlas Business Group,2026-01-07,2026-03-08,10000.00,0.00,,2026-01-31,true
HOS-202601-12,Northstar Studio,2026-01-07,2026-03-08,6250.00,0.00,,2026-01-31,true
HOS-202601-13,Elm Medical Partners,2026-01-07,2026-03-08,5000.00,0.00,,2026-01-31,true
HOS-202601-14,Cedar Workspace,2026-01-07,2026-03-08,3750.00,0.00,,2026-01-31,true
HOS-202601-21,Atlas Business Group,2026-01-14,2026-03-15,10000.00,0.00,,2026-01-31,true
HOS-202601-22,Northstar Studio,2026-01-14,2026-03-15,6250.00,0.00,,2026-01-31,true
HOS-202601-23,Elm Medical Partners,2026-01-14,2026-03-15,5000.00,0.00,,2026-01-31,true
HOS-202601-24,Cedar Workspace,2026-01-14,2026-03-15,3750.00,0.00,,2026-01-31,true
HOS-202601-31,Atlas Business Group,2026-01-21,2026-03-22,10000.00,0.00,,2026-01-31,true
HOS-202601-32,Northstar Studio,2026-01-21,2026-03-22,6250.00,0.00,,2026-01-31,true
HOS-202601-33,Elm Medical Partners,2026-01-21,2026-03-22,5000.00,0.00,,2026-01-31,true
HOS-202601-34,Cedar Workspace,2026-01-21,2026-03-22,3750.00,0.00,,2026-01-31,true
HOS-202601-41,Atlas Business Group,2026-01-28,2026-03-29,10000.00,0.00,,2026-01-31,true
HOS-202601-42,Northstar Studio,2026-01-28,2026-03-29,6250.00,0.00,,2026-01-31,true
HOS-202601-43,Elm Medical Partners,2026-01-28,2026-03-29,5000.00,0.00,,2026-01-31,true
HOS-202601-44,Cedar Workspace,2026-01-28,2026-03-29,3750.00,0.00,,2026-01-31,true
